pillar,loading_pc1
governance_score,0.7031173278481536
sovereign_score,0.7020365690748586
economic_score,-0.10278331278049416
trade_payment_score,0.04697094394559964
