,count,mean,std,min,25%,50%,75%,max
economic_score,88565.0,-1.0028548746120083e-19,0.14098009306454343,-5.054431862295624,0.0,0.0,0.0,7.028721524195484
governance_score,88565.0,-1.2836542395033707e-18,0.9871698502613335,-2.491203523808065,-0.7082940260501165,0.1431803643394505,0.7235020097905934,2.7204659181784048
sovereign_score,88565.0,2.5673084790067414e-18,0.5395370435001511,-1.884363324399812,-1.5582077538598687e-17,0.0,0.0,2.537664324577762
trade_payment_score,88565.0,6.418271197516854e-19,0.25700958562583526,-1.4918605902988609,0.0,0.0,0.0,1.2650439248287415
