Indicator,Loading
Revenue,0.6678927319466939
Spending,-0.6601856400824747
Debt,0.2688961093208654
Unemployment,0.2074453160876566
CAB,0.0523024135874009
